inchikey	smiles	label	affinity	score
inchikey	smiles	label	affinity	
XBJBBROJSDKTIY-NDTUHPKYNA-N	N1=CC(C#N)=C(C=2C1=CC(=CC2)/C=C/CCN3CCCCC3)NC=4C=C(C(SC5=NC=CN5C)=CC4)Cl	A	8.0	-8.5
OYONTEXKYJZFHA-SJKKVZPBNA-N	C1=C(C=CC2=C1/C(=C/C=3NC(=C(C3C)C(=O)N4CCC[C@@H]4CN5CCCC5)C)/C(=O)N2)S(CC6=C(C=CC=C6Cl)Cl)(=O)=O	A	5.96	-8.4
MKMYAVUUMSCFQQ-AKBDLFSNNA-N	N=1C=CN2C(=NC(=C2C1N)C3=CC4=C(C=CC=C4)N3)[C@@H]5CC[C@H](CC5)CNC(C)=O	A	6.02	-9.1
XCVOMKXWDRSPAQ-HVXXBKQBNA-N	S1C(N2C=3C(N=C2N)=CC=C(C3)C#N)=NC4=C1CCCC4	A	5.5	-8.2
INNSKPNVFLPJFC-SPEPDGBUNA-N	CC=1C(C(CC(=O)N1)C2=CC=C(Cl)C(Cl)=C2)C(=O)NC=3C=CC4=NNC=C4C3	A	5.64	-9.0
JXLCNDJWAZPNJC-UHFFFAOYNA-N	C(C(SC=1C(N)=CC=CC1)=N)(C2=CC(C(C3CCCCC3)O)=CC=C2)C#N	A	7.25	-9.2
KWLYBAALWYCPQF-YQHXNYGONA-N	ClC1=C(OC2=CC=C(NC=3SN=C(O)C3C(=NOCC(O)CO)N)C=C2)C=C(Cl)C=C1	A	7.25181	-8.7
HXHAJRMTJXHJJZ-PMWDVLQYNA-N	NC(=O)C=1C(=NSC1NC(=O)NCCCCN2CCCC2)OCC=3C(F)=CC(Br)=CC3F	A	5.7	-8.5
HIXSTXVWHMDJCP-RSHGMAGJNA-N	ClC=1C(OC=2C=CC(NC=3SN=C(O)C3/C(=N/C(CO)C)/N)=CC2)=CC=CC1C(F)(F)F	A	7.02228	-9.9
WINHZLLDWRZWRT-PWIKPTQSNA-N	FC1=CC=2C(C(=O)NC2C=C1)=CC=3NC(=C(C3C)C(=O)NCCN(CC)CC)C	A	7.4	-8.9
CNFOJUNYPYUQSD-BFSRWVMHNA-N	S1N=C(O)C(=C1NC=2C=CC(C(C3=CC=CC=C3)(C)C)=CC2)/C(=N/C(CO)C)/N	A	5.82391	-8.4
FQOBLOHRHRCTMT-OSFUWTKKNA-N	C=1(SN=C(C1/C(/N)=N/C(C)C)O)NC2=C(C=C(C=C2)I)Cl	A	7.38	-8.0
QTOFQNRPGVRDSV-DWRPPMSVNA-N	ClC1=C(OC=2C(=CC(NC=3SN=C(O)C3/C(=N/C(CO)C)/N)=CC2)C)C=C(F)C=C1	A	6.55284	-8.8
OTEUBDUXVNFEFC-HVXXBKQBNA-N	NS(=O)(=O)C1=CC=C(N=CC2=C(O)NC3=CC=C4N=CSC4=C23)C=C1	A	6.33	-7.3
XRAMQMPTFUGPMI-QWOVJGMINA-N	O=C(NCC1=CC(OC)=CC=C1)C2=CN=C(N=C2)C=3C=CN=CC3	A	5.5	-8.8
JGBCLJZMLUMHOO-WYUMXYHSNA-N	S1C(=C(N=C1NCCCC)N)C(=O)C=2C=CC=CC2	A	5.5	-6.9
UNDCBSZGAHSVSC-NSHDSACANA-N	C=1C(=CC2=CCCC(C(C(CCC[C@H](C)OC(=C2C1O)O)=O)=O)=O)OC	A	8.7	-7.3
DAWXXTMMJFQULV-OSFUWTKKNA-N	C=1(SN=C(O)C1/C(/N)=N/C(C)C)NC=2C(=C(C=CC2)Cl)Cl	A	6.66	-7.6
QKJAXHBFQSBDAR-MPXHCFMANA-N	BrC=1NC(C(=O)NC/C=C/C=2NC(=NC2)N)=CC1Br	A	5.60206	-7.8
SPHJAAMNEFTNAN-UHFFFAOYNA-N	S(=O)(=O)(NC1=CC(CC2C(C3=C(OC2=O)C=C(OC(=O)N(C)C)C=C3)=CF)=CC=C1)NC	A	7.18046	-9.8
UGSGKBFBRKTHJJ-QVUQFMIFNA-N	N(C)(C)C(=O)OC=1C=CC=2C(C(C(=O)OC2C1)=CC=3C=CC=C(NS(=O)(N)=O)C3)C	A	6.64	-9.7
UFESGHZZXNELFW-UYBDAZJANA-N	C1(=CC(C(O)=O)=C(NC=2C=CC(=CC2F)I)N1C)C(=O)C	A	7.38	-7.3
VSPFURGQAYMVAN-HPHMPNDVNA-N	NC=1N=CC=C(N1)C2=C(N=CN2C3CCNCC3)C4=CC=C(F)C=C4	A	6.6	-8.6
PRHQVPODPKBPSI-GUCJLFOZNA-N	N1=CC(C#N)=C(C=2C1=CC(=CC2)/C=C/CCN3CCN(CC3)C)NC=4C=C(Cl)C(SC5=NC=CN5C)=CC4	A	7.72	-8.5
YYLKKYCXAOBSRM-OKCQRFLQNA-N	C1=2C=CC=CC1=C(NN2)/C=C/C=3C=CC(=CC3)C(=O)N4CCNCC4	A	6.28	-9.5
BKWJAKQVGHWELA-PKRZOPRNNA-N	O=C1N(N(C2=NC(=NC=C21)NC=3C=CC(N4CCN(CC4)C)=CC3)C5=NC(C(O)(C)C)=CC=C5)CC=C	A	5.5	-0.8
VWACUNWBMWWMPJ-CATZCVBWNA-N	O=C1NC=2C(NC=3C1=CC=C(C3)C=4C=C(OC)C(O)=CC4)=CC=C(C2)C(=O)NCCCN(C)C	A	5.5	-9.4
NYBXHAPOTZQLPD-LBOYIXSDNA-N	C1=2C(=C(C#N)C=NC1=CC(=C(C2)OC)OCCCN3CCOCC3)NC=4C=CC(=CC4)OC	A	7.0	-8.4
NDSXVFBSQKTNEZ-UHFFFAOYNA-N	C(C(SC=1C(N)=CC=CC1)=N)(C2=CC(OC=3C=CC=CC3)=CC=C2)C#N	A	7.4	-8.8
CURXCMQCYWQMMR-PKSOQXRJNA-N	BrC1=CC(F)=C(NC=2C(=CC=C(F)C2F)C(=O)NOCCO)C=C1	A	8.11351	-8.9
MYQAUKPBNJWPIE-DDPQBQDTNA-N	COC1=CC=C(COC2=CC=C(CC3=CN=C(N)N=C3N)C=C2OC)C=C1	A	6.6	-8.8
ZGZVRPRSFXRGCF-DHDJHLBQNA-N	O=C(NC=1NN=C2C1C=C(C=3N=NN(C3)CC4=CC=CC=C4)C=C2)C=5C=C(OC)C(OC)=CC5	A	5.9	-7.2
XDELWCVTFJFXQO-INVVONRMNA-N	C1(=C(NC2=C(C=3CCCC(C3N2C)=O)C(NOC[C@H](O)CO)=O)C=CC(=C1)C#C)F	A	7.39	-8.5
WOBDOOBPYKHKGX-CBEZLCOENA-N	C1(=C(C(=NS1)O)/C(/N)=N/CC2CCCCC2)NC=3C=CC(=CC3)Cl	A	6.38	-9.0
FVSLEKUGZLSFEE-UHFFFAOYNA-N	N1=C2C(=C(CC3=CC=C(C=C3)N(C)C)C1=O)C=CC=C2	A	6.6	-8.6
YUXYWINRZUJEHL-UHFFFAOYNA-N	N(C1=CC=CC(=C1)C=C2C(C)C3=C(C=C(OC(=O)N(C)C)C=C3)OC2=O)S(=O)(=O)NC	A	6.96	-9.3
SATYAAMYSAXMTG-DZQCGVKKNA-N	NS(=O)(=O)C1=CC=C(N/N=C/2\C(=O)NC3=CC=C4N=CC=CC4=C23)C=C1	A	6.2	-8.6
NCTSKMXFVLVIHU-UHFFFAOYNA-N	C(C(SC=1C(N)=CC=CC1)=N)(C2=CC(C(C3=CC=C(C(F)(F)F)C=C3)O)=CC=C2)C#N	A	7.24	-9.8
HJDHLOYFJXOISL-QWOVJGMINA-N	C=1N(C)C(=O)C(C(=NC=2C=CC(=CC2F)Br)C1C(=O)NOCC3CC3)F	A	8.17	-8.0
RITAVMQDGBJQJZ-OHWFFDRONA-N	C1=CC=CN=C1/C=C/C=2C=3C=CC(=CC3NN2)SC4=C(C=CC=C4)C(=O)NC	A	5.57	-10.6
KOLYMAIOANYYGG-UHFFFAOYNA-N	C(C(SC=1C=CC=CC1)=N)(C2=CC(C(C3=CC=C(C#N)C=C3)O)=CC=C2)C#N	A	7.28	-9.0
ULERIKQXJLZMMV-MRSUPTMINA-N	S(=O)(=O)(NC1=CC(CC2=C(C3=C(OC2=O)C(F)=C(OC(=O)N(C)C)C=C3)C)=CC=C1)N	A	6.61979	-10.1
JLTBOCSFMNSLFH-MMRXBHCZNA-N	ClC=1N=C(NC(=O)CCCC)C=C(C=2C=3C(NC2)=NC=CC3)C1	A	5.5	-8.3
FTKWFHKMPQIDLM-JKZKCNJSNA-N	S1C2=C(N=C(N=C2NCC(F)(F)F)NC=3C=CC(=CC3)C(=O)NCCC)C=C1	A	5.5	-8.6
IWPWKQLFCMXCMD-GPQMBLKYNA-N	BrC1=CC2=C(C=NC(NC3=NC=NC=C3)=C2)C=C1	A	5.5	-7.7
XMGZBHCGCDTKQH-CGCSKFHYNA-N	N1(C=NC2=C(C1=O)C(C(C(N2C)=O)F)=NC=3C=CC(=CC3F)Br)C[C@H](CO)O	A	7.8	-7.8
PDMUGYOXRHVNMO-UHFFFAOYNA-N	OCCN1N=CC(C=2N=C3N(N=NC3=NC2)CC4=CC=5C(=NC=CC5)C=C4)=C1	A	5.5	-10.0
AEYLJTAIDDIOBA-WYUMXYHSNA-N	O=C(N1CCNCC1)C2=C(O)C=C(NC(=O)CC)C=C2	A	6.4	-7.8
ASMBMGMEQLFISS-PKSOQXRJNA-N	S1C(=C(N=C1C=2C=CN=CC2)C)C(=O)NC(C3=CC(OC)=CC=C3)C	A	5.5	-8.6
ZXGIBSBJQLLUEE-LKHHGCNMNA-N	C1(=C(C=C2C(=C1)C(=CC=N2)OC3=CC=C(C=C3)NC(NC(=O)C4=C(C=CC=C4)C)=S)OC)OC	A	6.6	-10.0
XUFLBSMTYMFOQH-PDJAEHLQNA-N	ClC1=NC(=NC(C=2C3=C(NC2)N=CC=C3)=C1)NC4CCC(N(C)C)CC4	A	6.7	-9.5
SUDAHWBOROXANE-KCUWNNAWNA-N	C1(=CC=C(C=C1F)I)NC=2C(=CC=C(C2F)F)C(NOC[C@@H](CO)O)=O	A	9.4	-8.9
RHDRPKBXKKAZNW-UHFFFAOYNA-N	C(C(SC=1C(N)=CC=CC1)=N)(C2=CC(C(C=3OC=CC3)O)=CC=C2)C#N	A	6.49	-8.7
FTCCQBNNJSPYNP-BDGWVKIONA-N	C1=NC(OC)=C(Cl)C(=C1C(=O)NOCCO)NC=2C=CC(=CC2F)Br	A	5.17	-7.3
FPLAQCFCGCSDRB-PWIKPTQSNA-N	FC(F)(F)C1=NC(NC(=O)NC=2C=3C(N=CC2)=CC(OC(F)F)=CC3)=CC=C1	A	5.5	-9.5
OAVGBZOFDPFGPJ-PKRZOPRNNA-N	C1(=C(C2=CNC3=C2C=CC=C3)C(=O)NC1=O)C4=NC(N5CCN(CC5)C)=NC=6C4=CC=CC6	A	5.5	-8.3
LSLSNRQKKSMLCT-OOWWJJDHNA-N	N1=CN(C2=NC(=NC(=C12)N=C(N)N)N[C@@H](CC)CO)C(C)C	A	5.59	-7.5
IYDYIISAJXJBLH-HUCVSMBFNA-N	C1(=CC(=CC(=C1C(=O)N)NC2=CC=C(C=C2F)I)F)OC3=CC(=CC=C3)NC(C(C)C)=O	A	7.32	-10.2
GABCQAHFXQRQQK-PJQSKVNONA-N	OS(O)(=NC=1C(=C(C=CC1)NC2=CC=C3C(=C2)C(N(C=N3)C)=O)C#N)=CCC	A	6.6	-8.0
WAKGEHXTOOFEAE-PKRZOPRNNA-N	O=C1NC(=O)C(=C1C2=NC(=NC3=C2C=CC=C3)N4CCNCC4)C=5C=6C(NC5)=CC=CC6	A	6.1	-6.7
MTLKDHYIODZMOW-INWCIQRLNA-N	ClC=1C(NC=2SN=C(O)C2/C(=N/C(CO)C)/N)=CC=CC1Cl	A	7.42022	-7.4
ZMQBHUBJRQGSDG-NSHDSACANA-N	IC1=CC(F)=C(NC2=C3C(C(=NN(C[C@H](O)CO)C3=O)C)=CN=C2)C=C1	A	7.9431	-9.0
JNQMJJOKUWHNMB-GIPKZEOHNA-N	O=S(=O)(N1[C@H](COC2=CC(=CC(=C2C(=O)N)NC3=CC=C(C=C3F)I)F)CCC1)CC	A	7.02	-9.3
PUUDOHOMAWTIGQ-UHFFFAOYNA-N	C1(C(=C(C(C2=CC=CC=C12)=O)N3C(O)=CC=C3O)Cl)=O	A	6.6	-7.1
VOAMNHVHDQCALD-XBURQGDZNA-N	[C@@H](N1C(=C(N=C1O)C=2C=CC(=CC2)OCCO)O)(C(NC3=NC(=CS3)C(=O)CC)=O)[C@H](C4=CC=CC=C4)C	A	7.64	
RIMOLPWIINBFAW-PKSOQXRJNA-N	C=1(N(C(=C(C1)C(=O)NOC(CO)CO)NC=2C=CC(=CC2F)I)C)C(=O)C	A	7.72	-8.2
AVAVHNRICSBUBJ-TWSYTRIPNA-N	C=1(C=C(C=C(C1C(=O)N)NC2=CC=C(C=C2F)I)F)OCCC(O)C(O)(C)C	A	7.37	-8.1
INTPTKHSGKBHHW-SREBMQDQNA-N	C1=2C(N3CCN(C(NC4=CC=C(OC5=CC=CC=C5)C=C4)=O)CC3)=NC=NC1=CC(=C(C2)OC)OC	A	6.6	-7.7
QYJMLYXMRRAGFX-ZYMSVLFVNA-N	C=1(N(C(C)=CN1)C)SC2=C(C=C(NC=3C4=C(C=C(C(=C4)OC)OCCCN5CCOCC5)N=CC3C#N)C=C2)Cl	A	9.0	
MIYWBGNFRMYPAU-JNQWZZOQNA-N	C1(=NC=NC=C1NC=2C=CC(=CC2F)I)C(=O)NOC[C@H](CO)O	A	6.39	-9.0
SFOMBJIIZPCRJH-UHFFFAOYNA-N	O=C1N(C(=O)N=C2N(N=C(N=C21)C=3C=CC=CC3)C)C	A	6.15003	-8.0
IQOBTKVOCDNUGT-LILDFLRNNA-N	BrC1=CC(F)=C(N=C2C(=CN(C(=O)C2)C)C(=O)NOCCO)C=C1	A	7.52288	-8.1
IVYWKCAOPCHVMX-ZHLVXTBQNA-N	N1=CC(=CC(=C1)C2=CC=3N(C=C2)N=C(N3)N)S(NC(C)(C)C)(=O)=O	A	5.0	-8.8
FHIVNWJIENRJBH-UHFFFAOYNA-N	O=C(N1CC(C=2N3C4=C(N=CC3=CN2)NC=C4)C(CC1)C)CC#N	A	5.5	-8.0
QHKYPYXTTXKZST-LQFNOIFHNA-N	C=1C=C(C=2NC(C3=CC=C(C=C3)O)=NC2C4=CC=C(C=C4)F)C=CN1	A	6.6	-8.5
TUPTVEGTTLLDFT-MRSUPTMINA-N	S(=O)(=O)(NC1=CC(CC2=C(C3=C(OC2=O)C=C(OC(=O)N(C)C)C=C3)C)=CC=C1F)N	A	7.35655	-9.9
CUIHSIWYWATEQL-HQOSXFPVNA-N	C=12C(=NN(C1C)C)C=C(C=C2)N(C=3N=C(NC=4C=C(S(=O)(=O)N)C(=CC4)C)N=CC3)C	A	5.5	-9.1
VRCWCZJYWZIXGH-UHFFFAOYNA-N	C(C(SC=1C(N)=CC=CC1)=N)(C2=CC(C(C3=CC=CC=C3)(C4=CC=CC=C4)O)=CC=C2)C#N	A	5.65	-9.6
QHPKKGUGRGRSGA-SRJLMZSRNA-N	C1(=NC=CC(=N1)NC=2C(C(N)=O)=CC=CC2)NC3=CC(=CC=C3)O	A	5.17	-8.7
DPANHMGWPXVBQI-UHFFFAOYNA-N	O=C1C=2C=CC=CC2C3=NC4=NN=NN4N=C13	A	6.6	-7.4
UVBKNBPCVRBUTF-PVANZQSZNA-N	C(C(C)(C)S(=O)(=O)C)(=O)NCCN1C=CC=2N=CN=C(C12)NC3=CC=C(C(=C3)Cl)OC=4C=C(C=CC4)Cl	A	6.01	-9.5
KWUIPFPPCDOEOV-GUHWYDPSNA-N	S1C(NC(=O)C2=CC=3C=4C(CNC(=O)C4NC3C=C2)C)=NC(=C1)C(=O)N	A	6.12494	-9.5
AXBRMZMOMVJPEG-TVVGNCBLNA-N	FC=1CCC(=NC(=O)C2(CC2)C(=O)NC=3C=C(F)C(OC=4C5=C(N=CC4)C=C(OCCCN6CCOCC6)C(OC)=C5)=CC3)CC1	A	7.92082	
CLOQRRBPZHLSQE-BIHGAMHLNA-N	C(C=1C=CC(=CC1)NC2=NC(=NC=C2F)NC=3C=CC(=CC3)O)(=O)NC=4C(=CC=CC4)Cl	A	6.6	-7.8
BJFKJWBIIASAMU-NSJMMFDCNA-N	C1=2C(=C(C#N)C=NC1=CC(=C(C2)OC)OCCCN3CCOCC3)NC=4C=CC(SC5=CC=CC=C5)=CC4	A	8.96	-9.3
CDGIQRUGHAEJFI-BTEJMFAINA-N	C1(=NC(=NC=C1NC=2C=CC(=CC2F)I)Cl)C(=O)NC[C@@H](CO)O	A	7.89	-8.0
CYOHGALHFOKKQC-MPIMZMORNA-N	C=1(C=2N=CN(C2C=C(C1NC=3C(=CC(=CC3)Br)Cl)C(NOCCO)=O)C)F	A	7.1	-8.4
BSMCAPRUBJMWDF-KRWDZBQONA-N	C1(CN(C1)C(C=2C(=C(C(F)=CC2)F)NC3=C(C=C(C=C3)I)F)=O)(O)[C@@H]4CCCCN4	A	9.05	-9.5
ZHNDVKCPJRLARD-UHFFFAOYNA-N	BrC1=CC(S(=O)(=O)NC2=CC3=C(C4=C(C3=NO)C=CC=C4)C=C2)=CC=C1	A	5.5	-8.9
DOLVPVSWTLFZMQ-CYSPOYASNA-N	FC(F)(F)C1=CC(NC(=O)NC2=CC=C(C3=C(N)C4=NC=CN=C4C=C3)C=C2)=CC=C1	A	5.5	-8.5
SQSPYUBWJXOLHW-SWUIVHNENA-N	C1(=CC(=CC(=C1C(=O)N)NC2=CC=C(C=C2F)I)F)OC3=CC=C(C=C3)NC(C)=O	A	6.27	-9.5
UQPMANVRZYYQMD-YZEALUEINA-N	C=1(NC=2C=CC(=CC2)F)C=3C(=NC=NC3NN1)N	A	6.18	-7.6
QMUXHOYFQGSYJI-UHFFFAOYNA-N	C1(C(C(C=2C=CC(=CC2O1)OC3=NC=CC=N3)C)=CC4=C(C(=CC=C4)NS(=O)(=O)NC)C)=O	A	5.38	-9.9
VTQQYBGURNVVFE-ZHLVXTBQNA-N	BrC=1C=CC(C=2C3=C(SC(=C3)C(=O)N)C=NC2)=CC1	A	6.3	-8.8
JBJYTZXCZDNOJW-HXKMVXRQNA-N	C=1C=CC=2NC(/C(=C\C3=C(C=C(C=C3OC)OC)OC)/C2C1)=O	A	6.6	-7.3
WZABXIPGKNSWFX-UHFFFAOYNA-N	C(C(SC=1C(N)=CC=CC1)=N)(C2=CC(C(C=3C=4C(=CC=CC4)C=CC3)O)=CC=C2)C#N	A	7.33	-9.5
ZSJRUEABWJEZND-LOZQPOBHNA-N	C1(NC2=C(C=C(C=C2)C(F)(F)F)Cl)=C(/C(/N)=N/C(C)C)C(O)=NS1	A	7.17	-8.9
XWAYMTRYOPGTQN-UYBDAZJANA-N	N1(C(=O)C)C(=C(C(=C1)C(=O)NOCCO)NC=2C=CC(=CC2F)I)C	A	7.7	-7.9
GUBJNPWVIUFSTR-CYSPOYASNA-N	O=C(N1CCC(CC1)C2=CC(C=3CCCCC3)=C(NC(=O)C=4NC(=CN4)C#N)C=C2)CN(C)C	A	6.69897	-8.3
VBHKTXLEJZIDJF-UHFFFAOYNA-N	O=C1C2=C(O)C=CC(O)=C2C(=O)C3=C1C=CC(O)=C3O	A	5.45	-7.7
QLWUDWMYFSWGHK-PNUDJGTNNA-N	ClC1=NC(=NC(NCC2=CC=CC=C2)=C1)NC=3NN=C(C3)C	A	5.5	-9.0
FQNCLVJEQCJWSU-UHFFFAOYNA-N	C=1(C(=CC=2N=CC(=NC2C1)C=3C=CC=CC3)C)C	A	6.6	-8.4
BJJJOZGLCJJBLM-OVCLIPMQNA-N	O1C2=C(OC1)C=CC(=C2)/C=N/NC3=C(N(=O)=O)C=CC=C3	N		-7.9
NKZVCOXZDFTYPG-AMCMSJCZNA-N	O=C1NC=2C(NC=3N=CN=C(N)C31)=CC=CC2	N	4.5	-7.3
VRAPIPWTLGNSLM-LQEKTIAZNA-N	S=C1N(/C(=N/C2=CC=C(OC)C=C2)/C(/N1C3=CC=CC=C3)=N/C4=CC=C(OC)C=C4)C5=CC=C(OC)C=C5	N		1.5
RQHITANMALXEGI-UHFFFAOYNA-N	O(C1C(CCC(C1)C)C(C)C)C(=O)CN2C(=[N+](C=3C2=CC=CC3)C)C=4C=CC(OC)=CC4	N		-7.9
PRWQXHLAUOTFBH-QWOVJGMINA-N	S1C(NC(=O)C2=CC(N(=O)=O)=C(N3CCOCC3)C=C2)=NC(C4=CC=CC=C4)=C1	N		-9.8
QQRKJVIRHXDXHB-UHFFFAOYNA-N	O(C(CN1C=CN=C1)COC2=CC=CC=C2)C(=O)C=3C=CC(OC)=CC3	N		-7.5
UBNBGXVNHMNBMY-LNNLXFCONA-N	C=1N=CC=2SC(C=3N=NNN3)=CC2C1OC=4C=CC(=CC4)C5=CC(=CC=C5)OC	N	4.64	-9.2
AQTMIFPBYXUMBN-GPQMBLKYNA-N	S1C(=C(C2=C(NC=3C=CC(=CC3)C)N=CN=C12)C)C	N		-7.6
RCMBOTAAIQVYEO-GFUSVMHJNA-N	C1=NC(=C2C(=C1)C=C(C(=C2)Cl)OC[C@H]3CNCC3)O	N	3.88	-7.7
VSLIORFJEVBLSG-LNNLXFCONA-N	S(=O)(=O)(NC=1C=C(C2=CC3=C(N=CN=C3NC4=CC=C(F)C=C4)C=C2)C=CC1)C	N		-10.1
USQMHIHTNWBJRO-RLLWZUHKNA-N	ClC=1C=CC(C(=O)N2/C(=N/C3=CC=C(OC)C=C3)/C(/N(C2=S)C4=CC=CC=C4)=N/C5=CC=C(OC)C=C5)=CC1	N		1.5
SHNWQKMOKLZLTN-HCKMINDGNA-N	S1C(NN=C2CCN(CC2)C(=O)C)=NC=3C1=CC=CC3	N		-8.1
QOXOIFTWEOMGJA-UHFFFAOYNA-N	O=C1N(C(=O)N(C=2N(C(=O)CC(=NC=3C=CC=CC3)C21)C)C4=CC=CC=C4)C5=CC=CC=C5	N		-6.7
GRCCANJLWQFRFU-UHFFFAOYNA-N	ClC1=CC=C(N2N=NN=C2SC3=NC=NC=4SC(=C(C43)C)C)C=C1	N		-9.4
GLEPTLUYSWJKQZ-UHFFFAOYNA-N	O(CCC)C1=CC(O)=C(C=C1)C=NNC2=C(N(=O)=O)C=CC=C2	N		-7.7
HHTWYVDUCLRROQ-HCKMINDGNA-N	S1C(=C(C=2C1=NC=NC2NC=3C=CC=CC3)C)C	N		-7.5
GUMIRECWDDFABT-YAQRNVERNA-N	ClC1=CC=2C=3N(N=CN3)C(O)=NC2C=C1	N	4.3	-6.9
MTILOECLHXZTCA-NDENLUEZNA-N	BrC1=CC=C(C(=O)/C(/N2C(C=CC=C2)=C(C#N)C#N)=C/C=3OC=CC3)C=C1	N		-7.2
SXQXLLCDVMUPMB-HMPNCDEKNA-N	C1=CC=C2N=CC(=NC2=C1)/C=C/3\C(N(C(S3)=S)C4=CC=CC(=C4)C(O)=O)=O	N	4.64	-8.6
UBVTVSINEVHYSY-QWOVJGMINA-N	CC=1OC(=NN1)C=2C=CC(=C(C2)C)C=3C=C(C(=O)NC4CC4)C=CC3C	N	4.7	-9.6
LCXGDFFDLBKSKV-JSGPKCTENA-N	S1C2=C(NCCC2=O)C(=C1)C(=O)N	N	4.1	-5.9
RMDHWKQEXADIKO-ZDUSSCGKNA-N	C=1C(=CC=2C=CCCCC(CC=C[C@H](C)OC(C2C1O)=O)=O)OC	N	4.66	-8.3
FGGHLNZSTBBNRM-UHFFFAOYNA-N	O=C(C1=C(N(C(O)=C1O)C=2N=CC=CN2)C3=CC=CC=C3)C4=CC=C(OCC)C=C4	N		-7.7
LGRITKUTNKPTJZ-XRXRYMQXNA-N	S(O)(=O)(=NC=1C=C(C2=CC3=C(NCC=4C=C(C=CC4)C)N=CN=C3C=C2)C=CC1)C	N		-9.6
ZFHNLUYENHZKDV-AORWUECENA-N	S=C1N(/C(=N/C2=CC=C(OC)C=C2)/C(/N1C)=N/C3=CC=C(OC)C=C3)C4=CC=C(OC)C=C4	N		-3.8
STTKRONORLRJON-UHFFFAOYNA-N	O=C1N(CCC2=CC=CC=C2)C3=NC(N(C)C)=NC=C3N=C1C=4C=CC(OC)=CC4	N		-8.6
DCWQXSCBTYXNME-COQBZTTGNA-N	S1C(N2C(=C(C=C2C)/C=C/3\C(=O)N(C(=O)NC3=O)CC)C)=C(C(=C1C)C)C#N	N	4.35	-6.2
AIQSDPDFFQAZSE-GPQMBLKYNA-N	S1C2=C(CCC2)C=3C1=NC=NC3NC=4C=CC=CC4	N		-7.9
QUJCZQKHGPSMLY-UHFFFAOYNA-N	C1(=C(NC(=C1C#N)N)SC2=C(N)C=CC=C2)C#N	N	4.87	-7.2
LVSWNSHUTPWCNF-WYUMXYHSNA-N	O=C1N(C=2N=C(NC2C(=O)N1CC)C=3C=CC=CC3)CC	N		-7.5
HAAJPIJKVHMFJR-ZAORYEFMNA-N	S(=O)(=O)(N(C)C)C1=CC=2N(\C(\N(C2C=C1)CC)=C/C=C/3\SC(=S)N(C3=O)CC=C)CC	N		-6.4
VEFTXSASUDPXTQ-UHFFFAOYNA-N	N1=CC(C#N)=C(C=2N1C=C(C2C)NS(=O)(=O)C3=CC=CC=C3)NC4=CC=C(OC5=CC=CC=C5)C=C4	N	4.84	-9.6
SVTDYSXXLJYUTM-UHFFFAOYNA-N	O=C1C2=C(C(=O)C=3C1=CC=CC3)C=CC=C2NC	N		-7.2
HQOCNFJGTTWKHC-IEIXWHJRNA-N	OC1=NNC2=NC(O)=CC(=C21)C(C)C	N	4.0	-6.4
YCVWBBWJVCFSQB-YHMJCDSINA-N	S1C=2N(N=C(C2C=3N=CN=C(O)C13)C)C	N	4.0	-6.1
VHRYLNGUUZSWCH-UHFFFAOYNA-N	S1C(C=2C=3C(=C(O)NC3)C=CC2)=CC=C1	N	4.2	-6.8
DHUCGZMQSPCMBF-HXTKINSTNA-N	C=1N=CC=2SC(C=3N=NNN3)=CC2C1OC=4C=CC(=CC4)C5=CC=C(C=C5)C#N	N	4.67	-9.5
FIFCMZNMAHBCDZ-DDPQBQDTNA-N	C1=CC=C(C2=CN=C(C=3SC(=CC23)C(N)=O)N)C=C1C4=CC=CC=C4	N	4.89	-10.2
HWBWADPFWYTSBY-UHFFFAOYNA-N	O(C(=O)C=1N2C(=NC1N)C=CC=C2)C	N	4.5	-5.6
ATERWDADHHMHGZ-LNNLXFCONA-N	C=1N=CC=2SC(C=3N=NNN3)=CC2C1OC=4C=CC(=CC4)C5=C(C=CC=C5)OC	N	4.66	-8.9
UAKAUZDIQGODOV-LILDFLRNNA-N	S1C2=C(CCC2)C=3C1=NC=NC3NC=4C=CC(F)=CC4	N		-8.1
BLBKVRXQICHPAG-UKTHLTGXNA-N	C1(/C(/CSC=C1CC=2C=CC=CN2)=C/C3=NC=CC=C3)=O	N	4.52	-7.8
OFQDDTLVBDRDIE-VJPAKDEPNA-N	S=C1N(/C(=N/C2=CC=C(OC)C=C2)/C(/N1C3=CC=C(OC)C=C3)=N/C4=CC=C(OC)C=C4)C5=CC=C(N(C)C)C=C5	N		0.6
NXZDRKHGBLONPM-UHFFFAOYNA-N	FC1=NC=C(C2=NN3C(=NC=C3)C=C2)C=C1	N	4.1	-7.2
MWJQXHZIUSMPSJ-PKSOQXRJNA-N	O=C1N=C2C(=NC(=C1NNC3=CC=C(C=C3)C)C)C=CC=C2	N		-8.8
NIVYQYSNRUIFIF-KAVGSWPWNA-N	C1=CC=CC(/C=C\2/C(/C(/CNC2)=C/C3=CC=CC=C3F)=O)=C1F	N	4.89	-8.8
RUQXKKVIBSBOED-LQFNOIFHNA-N	N(C=1N=CN=C2C1C=C(C3=CC=C(N(C)C)C=C3)C=C2)CC4=CC=CC=C4	N		-9.6
NQWXPDWPIHDISD-YGPBECBDNA-N	N12C(C3=CC=CC=C3)=CC=CC1=CN=C2N	N	4.5	-7.3
VCMMXZQDRFWYSE-UHFFFAOYNA-N	C=1C=C(O)C=2C(C=C(C(C2C1)=O)C)=O	N	4.9	-6.7
OHCQJHSOBUTRHG-NMBQOLRCNA-N	O1[C@]2([C@](O)([C@@]3(C(C(CCC3O)(C)C)C(O)C2OC(=O)C)C)C(=O)C[C@@]1(C)C=C)C	N		-7.3
TXFWBPVZZNCVHL-UHFFFAOYNA-N	O=C(C1=CC(C2=NN3C(=NC=C3)C=C2)=CC=C1)C	N	4.4	-7.9
IOXVSYFXFZFEHV-AETJLUGGNA-N	O=N(=O)C1=C(N/N=C(/C=C/C2=CC=CC=C2)\C)C=CC=C1	N		-8.5
SOIAJLPICLZMBR-LILDFLRNNA-N	S1C2=C(CCC2)C=3C1=NC=NC3NC=4C=C(F)C=CC4	N		-8.0
RQNADZJRELIICT-UHFFFAOYNA-N	[S+]1=C2C(=NC=3C1=CC(N(C)C)=CC3)C=C(C(N)=C2)C	N	4.45	-7.4
SEGOWRUWFNZQGT-NDENLUEZNA-N	ClC1=CC=C(C(=O)/C(/N2C(C=CC=C2)=C(C#N)C#N)=C/C=3OC=CC3)C=C1	N		-7.3
OFLKEFYRFADJQE-LNNLXFCONA-N	C=1N=CC=2SC(C=3N=NNN3)=CC2C1OC=4C=CC(=CC4)C5=CC=C(C=C5)OC	N	4.31	-9.1
HTUJYEJCFSALEG-CCEZHUSRNA-N	S1/C(=C\2/N(C=3C(C=C2)=CC=CC3)CC)/C(=O)N(CCC)C1=S	N		-6.9
FEEXBZJKUGASDW-LELJVTLKNA-N	C1=C(C=2C=C(C=3N=NNN3)SC2C=N1)OC=4C=CC(C=5C=CC(=CC5)C(=O)N(C)C)=CC4	N	4.32	-9.9
CCVFWLDQHFEFDW-VBKFSLOCNA-N	O1C(O/C(/C=C1C2=CC=CC=C2)=C\C=C3C(=O)C=4C(C3=O)=CC=CC4)(C)C	N		-9.6
CHDOJNHHXLLFJK-ROHAHUAENA-N	C1=NC(=C2C(=C1)C=C(C(=C2)Cl)O[C@H]3CNCC3)O	N	3.88	-7.4
ARSYKLXOXDUCJB-LILDFLRNNA-N	S1C(=C(C2=C(NC=3C=C(C(=CC3)C)C)N=CN=C12)C)C	N		-8.1
OCPUIXQQIAJMNB-UYBDAZJANA-N	S1C=2N=CN=C(NC3=CC(F)=C(F)C=C3)C2C4=C1CCC4	N	4.4	-8.8
YHFOOEZWVLLHPT-DTQAZKPQNA-N	O=N(=O)C1=C(N/N=C/2\CCC3=C2C=CC=C3)C=CC=C1	N		-8.7
NIEIVFHQPZKLEN-YGPBECBDNA-N	O=C(N)C1=C2N(N=C1)C(C3=CC=CC=C3)=CC=N2	N	4.3	-7.5
BTIHMVBBUGXLCJ-OVVPYVOINA-N	OC[C@@H](CC)NC1=NC=2N(C(C)C)C=NC2C(=N1)NCC3=CC=CC=C3	N	4.79	-8.5
MTSNDBYBIZSILH-HCKMINDGNA-N	C1(=C2C(C=CC=C2)=NC=N1)NC3=CC=CC=C3	N	4.2	-7.5
YWFSFRMYQRONTM-MPIMZMORNA-N	N(C1=NC=NC2=C1C=C(C=C2)C=3C=CC=NC3)C4=CC=CC=C4	N		-9.1
NCPSMBVBKJXJPP-LKZWBKFGNA-N	C=1N=CC=2SC(C=3N=NNN3)=CC2C1OC=4C=CC(C5=CC=C(C=C5)C(=O)N)=CC4	N	4.74	-9.9
RRGXUIOPSNOJDU-UHFFFAOYNA-N	N1=NC(=NC(=C1C=2C=CC=CC2)C#N)C	N	4.1	-6.6
RWIQZKLIGWLCEK-UYBDAZJANA-N	O=C1N=C2C(=NC(=C1NNC3=CC=CC=C3)C)C=CC=C2	N		-8.5
RAIDHOLJIAWOMY-DKQGWWAXNA-N	CC(CCC[C@H]([C@H]1CC[C@H]2[C@H](CCC=3C(=CC=C(C3)O)C)[C@@H](CC[C@]12C)O)C)C	N	4.31	-8.7
VBNVOUSYMPNLEN-UHFFFAOYNA-N	N12C(C3=CC=CC=C3)=CC=CC1=NC=C2	N	4.2	-7.0
CKKIZUGSKCAEDI-GZURDMDWNA-N	C1=NC(=C2C(=C1)C=C(C=C2)OC[C@H]3CNCCC3)O	N	3.88	-8.3
FHMNDLFMEHZYLO-UHFFFAOYNA-N	OC1(C2=C3N(C(=O)CCC3=CC=C2)CC1)C	N	4.74	-6.8
YZQWDZOKEIKQTI-UHFFFAOYNA-N	ClC1=C(N(=O)=O)C=C(C(=O)C=2C=CC(OC)=CC2)C=C1	N		-7.6
QXJFKOBVHIVSML-NPVYFSBINA-N	FC1=CC=C(OC=2C(C=C3C(=O)NC(=O)NC3=O)=CC=CC2)C=C1	N	4.75	-8.4
YOJUENDZNPYIBZ-HKQZHLORNA-N	S=C1N(/C(=N\C2=CC=C(OC)C=C2)/C(/N1C(=O)C=3C=CC(OC)=CC3)=N\C4=CC=C(OC)C=C4)C5=CC=C(OC)C=C5	N		
DTTAJUIKFSBXFJ-LNNLXFCONA-N	C=1N=CC=2SC(C=3N=NNN3)=CC2C1OC=4C=CC(=CC4)C5=CC=C(C=C5)CO	N	4.85	-9.8
UQHINZSKNAAVOZ-PKSOQXRJNA-N	C1=NC=2OC(C3=CC=CC=C3)=C(C2C(NCCO)=N1)C=4C=CC=CC4	N	4.91	-8.2
OHCQJHSOBUTRHG-HYVFZCEINA-N	O1[C@]2([C@](O)([C@@]3([C@H](C(CC[C@@H]3O)(C)C)[C@H](O)[C@@H]2OC(=O)C)C)C(=O)C[C@]1(C)C=C)C	N		-7.2
OKRNDQLCMXUCGG-UHFFFAOYNA-N	O1C=2C(C(=O)C=C1C=3C=CC(O)=CC3)=C(O)C=CC2	N		-8.4
OCQDBIGERBULHW-UHFFFAOYNA-N	ClC1=CC=C(C2=CC=3C(C=C2)=CNC3O)C=C1	N	4.1	-8.0
NPBMPXWNZZKJRM-LNNLXFCONA-N	OC1=C(C=NNC2=NC=NC(N3NC(C=C3C4=CC=CC=C4)=C)=C2)C=CC=C1	N		-10.7
FTURNLLJKXQXEL-HPRFPMAVNA-N	C1(CNC=2N=CC=C(C2)C3=C(N=C(N3)SC)C=4C=CC(=CC4)F)OCCC1	N	4.4	-9.4
GMXNHZVARFMXAY-WYUMXYHSNA-N	O=C(C=1C(C=2NC=NC3=NC=CC23)=CC=CC1)C	N	4.1	-7.6
INRKGYBFDKEDBW-UHFFFAOYNA-N	O=C1N=C2C(=NCC1=NNC=3C=CC=CC3)C=C(C=C2)C	N		-9.1
RSNDQZXRASEPIM-YAQRNVERNA-N	OC=1NC2=NC=C(C=C2C1)C3=CC=CC=C3	N	4.1	-7.8
XYRUNIAHPKBUJT-KZFATGLANA-N	C1=CNC=2C(=C1)C(=CN2)C(OC)=O	N	4.4	-5.7
VRPFENZFAUXUPA-ZDUSSCGKNA-N	C=1C(=CC=2CCCCCC(CC=C[C@H](C)OC(C2C1O)=O)=O)OC	N	4.92	-8.9
PSDWYZBYMPNKSJ-YHMJCDSINA-N	OC(C=1N=NN(C2=CC3=C(NN=C3)C=C2)C1)(C)C	N	4.7	-7.5
RKYMKZBWOFGDLO-NDKGDYFDNA-N	OC1=NN(C(N)=C1)C2=NC=CC=C2	N	4.1	-6.3
DYYZXRCFCVDSKD-LBOYIXSDNA-N	N1(N=CC=2C1=CC=C(NC=3N=CN=C4C3C=C(N(C)C)N=C4)C2)CC5=CC=CC=C5	N		-10.6
IXQLEZDNYJWUTR-HRNBZBKQNA-N	C1OCCN(CCNC=2N=CC3=C(C(=C(C=N3)C#N)NC4=CC=C(C(=C4)Cl)F)C2)C1	N	4.82	-9.1
ZHZUWHBBRCCDKB-HXTKINSTNA-N	O(C=1C(O)=C(C=NNC2=NC=NC(N3NC(C=C3C4=CC=CC=C4)=C)=C2)C=CC1)C	N		-8.7
MNNXRVSQOABRRP-ZYMSVLFVNA-N	ClC=1C=C(NC2=NC=NC3=C2C=C(C=4N=C(SC4)CNCCS(=O)(=O)C)C=C3)C=CC1OCC5=CC(F)=CC=C5	N		-8.7
BHCBGXUOUYKLCO-XQMQJMAZNA-N	FC=1C=CC(C2=NCC(=O)NC=3NN=CC23)=CC1	N	4.1	-8.1
MOSYXCNPGIBHMY-XWKXFZRBNA-N	S1C(=C(C2=C(NCCC)N=CN=C12)C)C	N		-5.9
MKRFECAMPSDAFF-LILDFLRNNA-N	ClC=1C=C(CNC2=NC=NC=3C2=CC(OC)=C(OC)C3)C=CC1	N		-8.1
RLERAEKWKCREHL-UECGHYFNNA-N	C1=NC(=C2C(=C1)C=C(C(=C2)Cl)O[C@@H]3CCCNC3)O	N	3.88	-7.6
IKYYBGDSXDEYBE-YHMJCDSINA-N	N=1NC=C2C1CCC(C2)C3=CC=CC=C3	N	4.4	-7.5
FMIWVLSQXKDNHB-YHSKDTNENA-N	N12C(C3=CC=C(C=C3)C=C)=CC=CC1=NN=C2N	N	4.9	-7.6
PZOIITKXNSPDLC-SBEIIRLFNA-N	O=N(=O)C=1C=C(/C(=N/NC2=NC(=C(N=N2)C3=CC=CC=C3)C4=CC=CC=C4)/C)C=CC1	N		-9.7
